job_id,title,employer,required_skills,preferred_skills,qualification_requirements,city_or_district,application_url,contact,source_url,last_checked,status,is_demo
DEMO-001,Warehouse Supervisor,Sampoorna Logistics (fictional),inventory management; stock record keeping; team supervision; dispatch coordination,warehouse management software; safety compliance,Class 12 or equivalent; 3+ years supervising a stores or warehouse team,"Pune, Maharashtra",https://careers.sampoorna-logistics.example.invalid/warehouse-supervisor,hr@sampoorna-logistics.example.invalid (fictional),https://careers.sampoorna-logistics.example.invalid/openings,2026-09-28,open,yes
DEMO-002,Stores In-charge,Nayak Industrial Supplies (fictional),stores management; stock audit; issue and receipt records; vendor coordination,basic spreadsheet work; Hindi and English communication,Class 10 or equivalent; Experience maintaining physical stock ledgers,"Jaipur, Rajasthan",https://jobs.nayak-supplies.example.invalid/stores-incharge,,https://jobs.nayak-supplies.example.invalid,2026-09-28,open,yes
DEMO-003,Logistics Coordinator,Bharat Freight Movers (fictional),dispatch planning; documentation; team coordination; route scheduling,transport management system; customer communication,"Graduate in any discipline, or equivalent work experience","Nagpur, Maharashtra",https://bharat-freight.example.invalid/careers/logistics-coordinator,,https://bharat-freight.example.invalid/careers,2026-09-28,open,yes
DEMO-004,Fleet Operations Assistant,Surya Roadways (fictional),vehicle movement planning; driver coordination; trip records; fuel and maintenance logs,GPS tracking tools,Class 12 or equivalent; Experience coordinating vehicle movements,"Lucknow, Uttar Pradesh",https://surya-roadways.example.invalid/apply/fleet-ops,,https://surya-roadways.example.invalid/apply,2026-09-28,open,yes
DEMO-005,Transport Supervisor,Meghdoot Transport Services (fictional),convoy and fleet coordination; team supervision; scheduling; incident reporting,road safety training; basic accounting,5+ years in transport or movement coordination,"Hyderabad, Telangana",https://meghdoot-transport.example.invalid/vacancies/transport-supervisor,,https://meghdoot-transport.example.invalid/vacancies,2026-09-28,open,yes
DEMO-006,Maintenance Coordinator,Girinagar Engineering Works (fictional),preventive maintenance planning; fault log management; technician team coordination; shift handover,maintenance management software; root cause analysis,"ITI/Diploma in a technical trade, or equivalent experience","Bengaluru, Karnataka",https://girinagar-eng.example.invalid/careers/maintenance-coordinator,,https://girinagar-eng.example.invalid/careers,2026-09-28,open,yes
DEMO-007,Technical Support Supervisor,Kaveri Equipment Care (fictional),equipment troubleshooting; service documentation; team supervision; spare parts tracking,customer site handling,ITI or Diploma; Hands-on equipment servicing experience,"Chennai, Tamil Nadu",https://kaveri-equipment.example.invalid/jobs/tech-support-supervisor,,https://kaveri-equipment.example.invalid/jobs,2026-09-28,open,yes
DEMO-008,Maintenance Planning Assistant,Anant Facility Systems (fictional),maintenance scheduling; tool and consumable control; documentation; shift rostering,spreadsheet reporting,Class 12 or equivalent with technical exposure,"Ahmedabad, Gujarat",https://anant-facility.example.invalid/careers/planning-assistant,,https://anant-facility.example.invalid/careers,2026-09-28,open,yes
DEMO-009,Telecom Field Support Technician,Setu Communications (fictional),communication equipment operation; fault diagnosis; field maintenance records; radio and line troubleshooting,basic networking concepts; two-wheeler and travel readiness,"ITI in electronics/telecom, or equivalent signals experience","Bhopal, Madhya Pradesh",https://setu-comm.example.invalid/careers/field-support,,https://setu-comm.example.invalid/careers,2026-09-28,open,yes
DEMO-010,IT Helpdesk Assistant,Prachi Systems Support (fictional),hardware troubleshooting; ticket logging; user communication; equipment inventory,Windows desktop support; English email writing,Any graduate or diploma holder; Willingness to learn helpdesk tools,"Noida, Uttar Pradesh",https://prachi-systems.example.invalid/apply/helpdesk,,https://prachi-systems.example.invalid/apply,2026-09-28,open,yes
DEMO-011,Security Operations Supervisor,Rakshak Facility Services (fictional),shift roster management; access control procedures; incident reporting; team briefing,CCTV monitoring; emergency response drills,Class 12 or equivalent; PSARA-compliant employer training provided,"Gurugram, Haryana",https://rakshak-fs.example.invalid/careers/security-supervisor,careers@rakshak-fs.example.invalid (fictional),https://rakshak-fs.example.invalid/careers,2026-09-28,open,yes
DEMO-012,Operations Control Room Assistant,Nirmal Infra Operations (fictional),duty log maintenance; radio communication; situation reporting; coordination with field teams,basic computer operation,Class 12 or equivalent; Comfortable with rotating shifts,"Kolkata, West Bengal",https://nirmal-infra.example.invalid/jobs/control-room-assistant,,https://nirmal-infra.example.invalid/jobs,2026-09-28,open,yes
DEMO-013,Stores Assistant (closed vacancy - for testing status handling),Vindhya Cold Chain (fictional),stock handling; record keeping,,Class 10 or equivalent,"Indore, Madhya Pradesh",https://vindhya-coldchain.example.invalid/jobs/stores-assistant,,https://vindhya-coldchain.example.invalid/jobs,2026-09-28,closed,yes
DEMO-014,Driving Instructor (Light and Heavy Vehicles),Sarathi Motor Training School (fictional),driver training; road safety briefing; vehicle operation; vehicle upkeep checks,heavy vehicle driving; trainee progress records,Valid civilian driving licence for the vehicle class taught; Instructor certification as required by the state transport authority,"Pune, Maharashtra",https://sarathi-motor.example.invalid/careers/driving-instructor,hr@sarathi-motor.example.invalid (fictional),https://sarathi-motor.example.invalid/careers,2026-10-03,open,yes
